{
  "extensionName": {
    "message": "Google SERP Position",
    "description": "Name der Erweiterung"
  },
  "extensionDescription": {
    "message": "Zeigt eine Nummer neben jedem Google-Suchergebnis an, um dessen Position in der SERP anzuzeigen.",
    "description": "Beschreibung der Erweiterung"
  },
  "optionsTitle": {
    "message": "Erweiterungsoptionen",
    "description": "Der Titel der Optionsseite"
  },
  "domainsLabel": {
    "message": "Domains zum Hervorheben (eine pro Zeile):",
    "description": "Beschriftung für das Domains-Textarea"
  },
  "fontSizeLabel": {
    "message": "Schriftgröße für #num:",
    "description": "Beschriftung für die Schriftgrößeneingabe"
  },
  "defaultColorLabel": {
    "message": "Standardfarbe für #num:",
    "description": "Beschriftung für die Standardeingabefarbe"
  },
  "highlightColorLabel": {
    "message": "Farbe für #num in hervorgehobenen Domains:",
    "description": "Beschriftung für die Hervorhebungsfarbeingabe"
  },
  "saveButton": {
    "message": "Speichern",
    "description": "Text für die Schaltfläche 'Speichern'"
  },
  "optionsSaved": {
    "message": "Optionen gespeichert.",
    "description": "Meldung, die angezeigt wird, wenn die Optionen gespeichert wurden"
  },
  "optionsLinkText": {
  "message": "Optionen"
}
}
