{
    "extensionName": {
      "message": "Google SERP Position",
      "description": "Name of the extension"
    },
    "extensionDescription": {
      "message": "Displays a number next to each Google search result to indicate its position in the SERP.",
      "description": "Description of the extension"
    },
    "optionsTitle": {
      "message": "Extension Options",
      "description": "The title of the options page"
    },
    "domainsLabel": {
      "message": "Domains to highlight (one per line):",
      "description": "Label for the domains textarea"
    },
    "fontSizeLabel": {
      "message": "Font size for #num:",
      "description": "Label for the font size input"
    },
    "defaultColorLabel": {
      "message": "Default color for #num:",
      "description": "Label for the default color input"
    },
    "highlightColorLabel": {
      "message": "Color for #num in highlighted domains:",
      "description": "Label for the highlight color input"
    },
    "saveButton": {
      "message": "Save",
      "description": "Text for the save button"
    },
    "optionsSaved": {
      "message": "Options saved.",
      "description": "Message shown when options are saved"
    },
    "optionsLinkText": {
    "message": "Options"
  }
  }
  