{
    "extensionName": {
      "message": "Posición SERP de Google",
      "description": "Nombre de la extensión"
    },
    "extensionDescription": {
      "message": "Muestra un número al lado de cada resultado de búsqueda de Google para indicar su posición en el SERP.",
      "description": "Descripción de la extensión"
    },
    "optionsTitle": {
      "message": "Opciones de la Extensión",
      "description": "El título de la página de opciones"
    },
    "domainsLabel": {
      "message": "Dominios a resaltar (uno por línea):",
      "description": "Etiqueta para el área de texto de dominios"
    },
    "fontSizeLabel": {
      "message": "Tamaño de fuente para #num:",
      "description": "Etiqueta para la entrada de tamaño de fuente"
    },
    "defaultColorLabel": {
      "message": "Color por defecto para #num:",
      "description": "Etiqueta para la entrada de color por defecto"
    },
    "highlightColorLabel": {
      "message": "Color para #num en dominios resaltados:",
      "description": "Etiqueta para la entrada de color de resaltado"
    },
    "saveButton": {
      "message": "Guardar",
      "description": "Texto para el botón de guardar"
    },
    "optionsSaved": {
      "message": "Opciones guardadas.",
      "description": "Mensaje mostrado cuando se guardan las opciones"
    },
    "optionsLinkText": {
      "message": "Opciones"
    }
  }
  