{
  "extensionName": {
    "message": "Position SERP Google",
    "description": "Nom de l'extension"
  },
  "extensionDescription": {
    "message": "Affiche un numéro à côté de chaque résultat de recherche Google pour indiquer sa position dans le SERP.",
    "description": "Description de l'extension"
  },
  "optionsTitle": {
    "message": "Options de l'extension",
    "description": "Le titre de la page des options"
  },
  "domainsLabel": {
    "message": "Domaines à surligner (un par ligne) :",
    "description": "Étiquette pour la zone de texte des domaines"
  },
  "fontSizeLabel": {
    "message": "Taille de la police pour #num :",
    "description": "Étiquette pour la saisie de la taille de la police"
  },
  "defaultColorLabel": {
    "message": "Couleur par défaut pour #num :",
    "description": "Étiquette pour la saisie de la couleur par défaut"
  },
  "highlightColorLabel": {
    "message": "Couleur pour #num dans les domaines surlignés :",
    "description": "Étiquette pour la saisie de la couleur de surlignage"
  },
  "saveButton": {
    "message": "Enregistrer",
    "description": "Texte pour le bouton d'enregistrement"
  },
  "optionsSaved": {
    "message": "Options enregistrées.",
    "description": "Message affiché lorsque les options sont enregistrées"
  },
  "optionsLinkText": {
  "message": "Options"
}
}
