{
  "extensionName": {
    "message": "Google Sıra Numarası",
    "description": "Eklentinin adı"
  },
  "extensionDescription": {
    "message": "Google arama sonuçlarına otomatik sıra numarası ekler.",
    "description": "Eklentinin açıklaması"
  },
  "optionsTitle": {
    "message": "Google Sıra Numarası Ayarları",
    "description": "Ayarlar sayfasının başlığı"
  },
  "domainsLabel": {
    "message": "Vurgulanacak Alan Adları (Her satıra bir tane):",
    "description": "Alan adları giriş alanının etiketi"
  },
  "fontSizeLabel": {
    "message": "Yazı Boyutu:",
    "description": "Yazı boyutu seçicisinin etiketi"
  },
  "defaultColorLabel": {
    "message": "Varsayılan Renk:",
    "description": "Varsayılan renk seçicisinin etiketi"
  },
  "highlightColorLabel": {
    "message": "Vurgu Rengi:",
    "description": "Vurgu rengi seçicisinin etiketi"
  },
  "saveButton": {
    "message": "Kaydet",
    "description": "Kaydet butonunun metni"
  },
  "optionsSaved": {
    "message": "Ayarlar kaydedildi!",
    "description": "Ayarlar kaydedildiğinde gösterilen mesaj"
  },
  "optionsLinkText": {
    "message": "Ayarlar",
    "description": "Ayarlar sayfasına giden bağlantının metni"
  }
} 